"STATISTIC","Statistic Label","TLIST(A1)","Year","C02402V02895","Type of Building and Construction","UNIT","VALUE"
"BEA04C01","Value of Production Index in Building and Construction","2000","2000","-","All building and construction","Base 2015=100","155.85222131"
"BEA04C01","Value of Production Index in Building and Construction","2000","2000","11","Building (excluding civil engineering)","Base 2015=100","199.84425527"
"BEA04C01","Value of Production Index in Building and Construction","2000","2000","111","Residential building","Base 2015=100","311.69815985"
"BEA04C01","Value of Production Index in Building and Construction","2000","2000","112","Non-residential building","Base 2015=100","121.43124789"
"BEA04C01","Value of Production Index in Building and Construction","2000","2000","12","Civil engineering","Base 2015=100","63.61997861"
"BEA04C01","Value of Production Index in Building and Construction","2001","2001","-","All building and construction","Base 2015=100","176.58507586"
"BEA04C01","Value of Production Index in Building and Construction","2001","2001","11","Building (excluding civil engineering)","Base 2015=100","222.65537138"
"BEA04C01","Value of Production Index in Building and Construction","2001","2001","111","Residential building","Base 2015=100","359.55047731"
"BEA04C01","Value of Production Index in Building and Construction","2001","2001","112","Non-residential building","Base 2015=100","126.25970582"
"BEA04C01","Value of Production Index in Building and Construction","2001","2001","12","Civil engineering","Base 2015=100","77.780601388"
"BEA04C01","Value of Production Index in Building and Construction","2002","2002","-","All building and construction","Base 2015=100","188.70220848"
"BEA04C01","Value of Production Index in Building and Construction","2002","2002","11","Building (excluding civil engineering)","Base 2015=100","229.96048748"
"BEA04C01","Value of Production Index in Building and Construction","2002","2002","111","Residential building","Base 2015=100","391.50344458"
"BEA04C01","Value of Production Index in Building and Construction","2002","2002","112","Non-residential building","Base 2015=100","115.56898305"
"BEA04C01","Value of Production Index in Building and Construction","2002","2002","12","Civil engineering","Base 2015=100","95.15473211"
"BEA04C01","Value of Production Index in Building and Construction","2003","2003","-","All building and construction","Base 2015=100","211.01783184"
"BEA04C01","Value of Production Index in Building and Construction","2003","2003","11","Building (excluding civil engineering)","Base 2015=100","262.12281269"
"BEA04C01","Value of Production Index in Building and Construction","2003","2003","111","Residential building","Base 2015=100","480.3809431"
"BEA04C01","Value of Production Index in Building and Construction","2003","2003","112","Non-residential building","Base 2015=100","106.62220563"
"BEA04C01","Value of Production Index in Building and Construction","2003","2003","12","Civil engineering","Base 2015=100","98.908325386"
"BEA04C01","Value of Production Index in Building and Construction","2004","2004","-","All building and construction","Base 2015=100","252.81988458"
"BEA04C01","Value of Production Index in Building and Construction","2004","2004","11","Building (excluding civil engineering)","Base 2015=100","319.07013761"
"BEA04C01","Value of Production Index in Building and Construction","2004","2004","111","Residential building","Base 2015=100","605.12555721"
"BEA04C01","Value of Production Index in Building and Construction","2004","2004","112","Non-residential building","Base 2015=100","115.36824813"
"BEA04C01","Value of Production Index in Building and Construction","2004","2004","12","Civil engineering","Base 2015=100","107.38455201"
"BEA04C01","Value of Production Index in Building and Construction","2005","2005","-","All building and construction","Base 2015=100","290.94107948"
"BEA04C01","Value of Production Index in Building and Construction","2005","2005","11","Building (excluding civil engineering)","Base 2015=100","366.11714067"
"BEA04C01","Value of Production Index in Building and Construction","2005","2005","111","Residential building","Base 2015=100","698.49702612"
"BEA04C01","Value of Production Index in Building and Construction","2005","2005","112","Non-residential building","Base 2015=100","129.44689757"
"BEA04C01","Value of Production Index in Building and Construction","2005","2005","12","Civil engineering","Base 2015=100","125.9315247"
"BEA04C01","Value of Production Index in Building and Construction","2006","2006","-","All building and construction","Base 2015=100","319.80673773"
"BEA04C01","Value of Production Index in Building and Construction","2006","2006","11","Building (excluding civil engineering)","Base 2015=100","397.28555627"
"BEA04C01","Value of Production Index in Building and Construction","2006","2006","111","Residential building","Base 2015=100","751.67005519"
"BEA04C01","Value of Production Index in Building and Construction","2006","2006","112","Non-residential building","Base 2015=100","144.91810732"
"BEA04C01","Value of Production Index in Building and Construction","2006","2006","12","Civil engineering","Base 2015=100","149.84013612"
"BEA04C01","Value of Production Index in Building and Construction","2007","2007","-","All building and construction","Base 2015=100","290.15357285"
"BEA04C01","Value of Production Index in Building and Construction","2007","2007","11","Building (excluding civil engineering)","Base 2015=100","347.74043093"
"BEA04C01","Value of Production Index in Building and Construction","2007","2007","111","Residential building","Base 2015=100","619.91562902"
"BEA04C01","Value of Production Index in Building and Construction","2007","2007","112","Non-residential building","Base 2015=100","153.73902721"
"BEA04C01","Value of Production Index in Building and Construction","2007","2007","12","Civil engineering","Base 2015=100","164.08047257"
"BEA04C01","Value of Production Index in Building and Construction","2008","2008","-","All building and construction","Base 2015=100","212.38298697"
"BEA04C01","Value of Production Index in Building and Construction","2008","2008","11","Building (excluding civil engineering)","Base 2015=100","236.88030758"
"BEA04C01","Value of Production Index in Building and Construction","2008","2008","111","Residential building","Base 2015=100","351.22134622"
"BEA04C01","Value of Production Index in Building and Construction","2008","2008","112","Non-residential building","Base 2015=100","155.00182344"
"BEA04C01","Value of Production Index in Building and Construction","2008","2008","12","Civil engineering","Base 2015=100","159.18618643"
"BEA04C01","Value of Production Index in Building and Construction","2009","2009","-","All building and construction","Base 2015=100","132.02930569"
"BEA04C01","Value of Production Index in Building and Construction","2009","2009","11","Building (excluding civil engineering)","Base 2015=100","130.21910478"
"BEA04C01","Value of Production Index in Building and Construction","2009","2009","111","Residential building","Base 2015=100","145.10612133"
"BEA04C01","Value of Production Index in Building and Construction","2009","2009","112","Non-residential building","Base 2015=100","119.14456924"
"BEA04C01","Value of Production Index in Building and Construction","2009","2009","12","Civil engineering","Base 2015=100","136.68165303"
"BEA04C01","Value of Production Index in Building and Construction","2010","2010","-","All building and construction","Base 2015=100","93.81639392"
"BEA04C01","Value of Production Index in Building and Construction","2010","2010","11","Building (excluding civil engineering)","Base 2015=100","88.245861266"
"BEA04C01","Value of Production Index in Building and Construction","2010","2010","111","Residential building","Base 2015=100","92.08217799"
"BEA04C01","Value of Production Index in Building and Construction","2010","2010","112","Non-residential building","Base 2015=100","85.164123517"
"BEA04C01","Value of Production Index in Building and Construction","2010","2010","12","Civil engineering","Base 2015=100","106.60702692"
"BEA04C01","Value of Production Index in Building and Construction","2011","2011","-","All building and construction","Base 2015=100","76.231060977"
"BEA04C01","Value of Production Index in Building and Construction","2011","2011","11","Building (excluding civil engineering)","Base 2015=100","74.460470777"
"BEA04C01","Value of Production Index in Building and Construction","2011","2011","111","Residential building","Base 2015=100","65.564989163"
"BEA04C01","Value of Production Index in Building and Construction","2011","2011","112","Non-residential building","Base 2015=100","81.606268023"
"BEA04C01","Value of Production Index in Building and Construction","2011","2011","12","Civil engineering","Base 2015=100","80.296555401"
"BEA04C01","Value of Production Index in Building and Construction","2012","2012","-","All building and construction","Base 2015=100","74.998646622"
"BEA04C01","Value of Production Index in Building and Construction","2012","2012","11","Building (excluding civil engineering)","Base 2015=100","66.604594126"
"BEA04C01","Value of Production Index in Building and Construction","2012","2012","111","Residential building","Base 2015=100","57.912893629"
"BEA04C01","Value of Production Index in Building and Construction","2012","2012","112","Non-residential building","Base 2015=100","73.586692698"
"BEA04C01","Value of Production Index in Building and Construction","2012","2012","12","Civil engineering","Base 2015=100","94.272430936"
"BEA04C01","Value of Production Index in Building and Construction","2013","2013","-","All building and construction","Base 2015=100","84.124164198"
"BEA04C01","Value of Production Index in Building and Construction","2013","2013","11","Building (excluding civil engineering)","Base 2015=100","77.507151854"
"BEA04C01","Value of Production Index in Building and Construction","2013","2013","111","Residential building","Base 2015=100","64.584788454"
"BEA04C01","Value of Production Index in Building and Construction","2013","2013","112","Non-residential building","Base 2015=100","87.887768981"
"BEA04C01","Value of Production Index in Building and Construction","2013","2013","12","Civil engineering","Base 2015=100","99.317644197"
"BEA04C01","Value of Production Index in Building and Construction","2014","2014","-","All building and construction","Base 2015=100","91.974680263"
"BEA04C01","Value of Production Index in Building and Construction","2014","2014","11","Building (excluding civil engineering)","Base 2015=100","86.946529366"
"BEA04C01","Value of Production Index in Building and Construction","2014","2014","111","Residential building","Base 2015=100","76.999729361"
"BEA04C01","Value of Production Index in Building and Construction","2014","2014","112","Non-residential building","Base 2015=100","94.936857397"
"BEA04C01","Value of Production Index in Building and Construction","2014","2014","12","Civil engineering","Base 2015=100","103.51993757"
"BEA04C01","Value of Production Index in Building and Construction","2015","2015","-","All building and construction","Base 2015=100","100"
"BEA04C01","Value of Production Index in Building and Construction","2015","2015","11","Building (excluding civil engineering)","Base 2015=100","100"
"BEA04C01","Value of Production Index in Building and Construction","2015","2015","111","Residential building","Base 2015=100","100"
"BEA04C01","Value of Production Index in Building and Construction","2015","2015","112","Non-residential building","Base 2015=100","100"
"BEA04C01","Value of Production Index in Building and Construction","2015","2015","12","Civil engineering","Base 2015=100","100"
"BEA04C01","Value of Production Index in Building and Construction","2016","2016","-","All building and construction","Base 2015=100","110.27145845"
"BEA04C01","Value of Production Index in Building and Construction","2016","2016","11","Building (excluding civil engineering)","Base 2015=100","111.76030686"
"BEA04C01","Value of Production Index in Building and Construction","2016","2016","111","Residential building","Base 2015=100","124.26957409"
"BEA04C01","Value of Production Index in Building and Construction","2016","2016","112","Non-residential building","Base 2015=100","109.82225138"
"BEA04C01","Value of Production Index in Building and Construction","2016","2016","12","Civil engineering","Base 2015=100","103.4889268"
"BEA04C01","Value of Production Index in Building and Construction","2017","2017","-","All building and construction","Base 2015=100","126.31063495"
"BEA04C01","Value of Production Index in Building and Construction","2017","2017","11","Building (excluding civil engineering)","Base 2015=100","130.17769946"
"BEA04C01","Value of Production Index in Building and Construction","2017","2017","111","Residential building","Base 2015=100","146.59952346"
"BEA04C01","Value of Production Index in Building and Construction","2017","2017","112","Non-residential building","Base 2015=100","127.63347321"
"BEA04C01","Value of Production Index in Building and Construction","2017","2017","12","Civil engineering","Base 2015=100","108.69400773"
"BEA04C01","Value of Production Index in Building and Construction","2018","2018","-","All building and construction","Base 2015=100","145.10794734"
"BEA04C01","Value of Production Index in Building and Construction","2018","2018","11","Building (excluding civil engineering)","Base 2015=100","149.31469929"
"BEA04C01","Value of Production Index in Building and Construction","2018","2018","111","Residential building","Base 2015=100","150.58932615"
"BEA04C01","Value of Production Index in Building and Construction","2018","2018","112","Non-residential building","Base 2015=100","149.11722188"
"BEA04C01","Value of Production Index in Building and Construction","2018","2018","12","Civil engineering","Base 2015=100","125.94385516"
"BEA04C01","Value of Production Index in Building and Construction","2019","2019","-","All building and construction","Base 2015=100","156.62467415"
"BEA04C01","Value of Production Index in Building and Construction","2019","2019","11","Building (excluding civil engineering)","Base 2015=100","164.18727623"
"BEA04C01","Value of Production Index in Building and Construction","2019","2019","111","Residential building","Base 2015=100","174.13157535"
"BEA04C01","Value of Production Index in Building and Construction","2019","2019","112","Non-residential building","Base 2015=100","162.64661017"
"BEA04C01","Value of Production Index in Building and Construction","2019","2019","12","Civil engineering","Base 2015=100","122.17282023"
"BEA04C01","Value of Production Index in Building and Construction","2020","2020","-","All building and construction","Base 2015=100","143.8280889"
"BEA04C01","Value of Production Index in Building and Construction","2020","2020","11","Building (excluding civil engineering)","Base 2015=100","152.33994814"
"BEA04C01","Value of Production Index in Building and Construction","2020","2020","111","Residential building","Base 2015=100","136.37172616"
"BEA04C01","Value of Production Index in Building and Construction","2020","2020","112","Non-residential building","Base 2015=100","154.81389802"
"BEA04C01","Value of Production Index in Building and Construction","2020","2020","12","Civil engineering","Base 2015=100","105.05184126"
"BEA04C01","Value of Production Index in Building and Construction","2021","2021","-","All building and construction","Base 2015=100","147.74236621"
"BEA04C01","Value of Production Index in Building and Construction","2021","2021","11","Building (excluding civil engineering)","Base 2015=100","152.45482437"
"BEA04C01","Value of Production Index in Building and Construction","2021","2021","111","Residential building","Base 2015=100","129.37821013"
"BEA04C01","Value of Production Index in Building and Construction","2021","2021","112","Non-residential building","Base 2015=100","156.03007446"
"BEA04C01","Value of Production Index in Building and Construction","2021","2021","12","Civil engineering","Base 2015=100","126.27450127"
"BEA04C01","Value of Production Index in Building and Construction","2022","2022","-","All building and construction","Base 2015=100","166.22978276"
"BEA04C01","Value of Production Index in Building and Construction","2022","2022","11","Building (excluding civil engineering)","Base 2015=100","172.9242827"
"BEA04C01","Value of Production Index in Building and Construction","2022","2022","111","Residential building","Base 2015=100","146.92724076"
"BEA04C01","Value of Production Index in Building and Construction","2022","2022","112","Non-residential building","Base 2015=100","176.95199343"
"BEA04C01","Value of Production Index in Building and Construction","2022","2022","12","Civil engineering","Base 2015=100","135.73261633"
"BEA04C02","Volume of Production Index in Building and Construction","2000","2000","-","All building and construction","Base 2015=100","218.51137053"
"BEA04C02","Volume of Production Index in Building and Construction","2000","2000","11","Building (excluding civil engineering)","Base 2015=100","281.1015359"
"BEA04C02","Volume of Production Index in Building and Construction","2000","2000","111","Residential building","Base 2015=100","471.86776308"
"BEA04C02","Volume of Production Index in Building and Construction","2000","2000","112","Non-residential building","Base 2015=100","148.33114142"
"BEA04C02","Volume of Production Index in Building and Construction","2000","2000","12","Civil engineering","Base 2015=100","86.995463649"
"BEA04C02","Volume of Production Index in Building and Construction","2001","2001","-","All building and construction","Base 2015=100","225.91125994"
"BEA04C02","Volume of Production Index in Building and Construction","2001","2001","11","Building (excluding civil engineering)","Base 2015=100","285.80464687"
"BEA04C02","Volume of Production Index in Building and Construction","2001","2001","111","Residential building","Base 2015=100","490.85454694"
"BEA04C02","Volume of Production Index in Building and Construction","2001","2001","112","Non-residential building","Base 2015=100","142.10902087"
"BEA04C02","Volume of Production Index in Building and Construction","2001","2001","12","Civil engineering","Base 2015=100","97.619197428"
"BEA04C02","Volume of Production Index in Building and Construction","2002","2002","-","All building and construction","Base 2015=100","230.59740134"
"BEA04C02","Volume of Production Index in Building and Construction","2002","2002","11","Building (excluding civil engineering)","Base 2015=100","283.54585492"
"BEA04C02","Volume of Production Index in Building and Construction","2002","2002","111","Residential building","Base 2015=100","499.10739821"
"BEA04C02","Volume of Production Index in Building and Construction","2002","2002","112","Non-residential building","Base 2015=100","131.46589064"
"BEA04C02","Volume of Production Index in Building and Construction","2002","2002","12","Civil engineering","Base 2015=100","112.69559827"
"BEA04C02","Volume of Production Index in Building and Construction","2003","2003","-","All building and construction","Base 2015=100","243.65138314"
"BEA04C02","Volume of Production Index in Building and Construction","2003","2003","11","Building (excluding civil engineering)","Base 2015=100","302.64431969"
"BEA04C02","Volume of Production Index in Building and Construction","2003","2003","111","Residential building","Base 2015=100","554.67397005"
"BEA04C02","Volume of Production Index in Building and Construction","2003","2003","112","Non-residential building","Base 2015=100","123.09782638"
"BEA04C02","Volume of Production Index in Building and Construction","2003","2003","12","Civil engineering","Base 2015=100","114.2177579"
"BEA04C02","Volume of Production Index in Building and Construction","2004","2004","-","All building and construction","Base 2015=100","305.5688523"
"BEA04C02","Volume of Production Index in Building and Construction","2004","2004","11","Building (excluding civil engineering)","Base 2015=100","385.67016809"
"BEA04C02","Volume of Production Index in Building and Construction","2004","2004","111","Residential building","Base 2015=100","731.6334288"
"BEA04C02","Volume of Production Index in Building and Construction","2004","2004","112","Non-residential building","Base 2015=100","139.32946604"
"BEA04C02","Volume of Production Index in Building and Construction","2004","2004","12","Civil engineering","Base 2015=100","129.69860925"
"BEA04C02","Volume of Production Index in Building and Construction","2005","2005","-","All building and construction","Base 2015=100","335.76469497"
"BEA04C02","Volume of Production Index in Building and Construction","2005","2005","11","Building (excluding civil engineering)","Base 2015=100","422.55046775"
"BEA04C02","Volume of Production Index in Building and Construction","2005","2005","111","Residential building","Base 2015=100","806.3406191"
"BEA04C02","Volume of Production Index in Building and Construction","2005","2005","112","Non-residential building","Base 2015=100","149.29782817"
"BEA04C02","Volume of Production Index in Building and Construction","2005","2005","12","Civil engineering","Base 2015=100","145.24123978"
"BEA04C02","Volume of Production Index in Building and Construction","2006","2006","-","All building and construction","Base 2015=100","348.89085571"
"BEA04C02","Volume of Production Index in Building and Construction","2006","2006","11","Building (excluding civil engineering)","Base 2015=100","433.42484217"
"BEA04C02","Volume of Production Index in Building and Construction","2006","2006","111","Residential building","Base 2015=100","820.00436684"
"BEA04C02","Volume of Production Index in Building and Construction","2006","2006","112","Non-residential building","Base 2015=100","158.1535589"
"BEA04C02","Volume of Production Index in Building and Construction","2006","2006","12","Civil engineering","Base 2015=100","163.41759451"
"BEA04C02","Volume of Production Index in Building and Construction","2007","2007","-","All building and construction","Base 2015=100","301.96224979"
"BEA04C02","Volume of Production Index in Building and Construction","2007","2007","11","Building (excluding civil engineering)","Base 2015=100","361.90875718"
"BEA04C02","Volume of Production Index in Building and Construction","2007","2007","111","Residential building","Base 2015=100","645.32863934"
"BEA04C02","Volume of Production Index in Building and Construction","2007","2007","112","Non-residential building","Base 2015=100","159.90953062"
"BEA04C02","Volume of Production Index in Building and Construction","2007","2007","12","Civil engineering","Base 2015=100","170.7022976"
"BEA04C02","Volume of Production Index in Building and Construction","2008","2008","-","All building and construction","Base 2015=100","213.69749521"
"BEA04C02","Volume of Production Index in Building and Construction","2008","2008","11","Building (excluding civil engineering)","Base 2015=100","238.35313612"
"BEA04C02","Volume of Production Index in Building and Construction","2008","2008","111","Residential building","Base 2015=100","353.48726588"
"BEA04C02","Volume of Production Index in Building and Construction","2008","2008","112","Non-residential building","Base 2015=100","155.91246297"
"BEA04C02","Volume of Production Index in Building and Construction","2008","2008","12","Civil engineering","Base 2015=100","160.14868726"
"BEA04C02","Volume of Production Index in Building and Construction","2009","2009","-","All building and construction","Base 2015=100","134.80092335"
"BEA04C02","Volume of Production Index in Building and Construction","2009","2009","11","Building (excluding civil engineering)","Base 2015=100","132.93347473"
"BEA04C02","Volume of Production Index in Building and Construction","2009","2009","111","Residential building","Base 2015=100","148.11855146"
"BEA04C02","Volume of Production Index in Building and Construction","2009","2009","112","Non-residential building","Base 2015=100","121.63563066"
"BEA04C02","Volume of Production Index in Building and Construction","2009","2009","12","Civil engineering","Base 2015=100","139.59503584"
"BEA04C02","Volume of Production Index in Building and Construction","2010","2010","-","All building and construction","Base 2015=100","94.731838159"
"BEA04C02","Volume of Production Index in Building and Construction","2010","2010","11","Building (excluding civil engineering)","Base 2015=100","89.090271103"
"BEA04C02","Volume of Production Index in Building and Construction","2010","2010","111","Residential building","Base 2015=100","92.98330058"
"BEA04C02","Volume of Production Index in Building and Construction","2010","2010","112","Non-residential building","Base 2015=100","85.963628945"
"BEA04C02","Volume of Production Index in Building and Construction","2010","2010","12","Civil engineering","Base 2015=100","107.68686321"
"BEA04C02","Volume of Production Index in Building and Construction","2011","2011","-","All building and construction","Base 2015=100","78.921447786"
"BEA04C02","Volume of Production Index in Building and Construction","2011","2011","11","Building (excluding civil engineering)","Base 2015=100","77.081954187"
"BEA04C02","Volume of Production Index in Building and Construction","2011","2011","111","Residential building","Base 2015=100","67.870287395"
"BEA04C02","Volume of Production Index in Building and Construction","2011","2011","112","Non-residential building","Base 2015=100","84.480199153"
"BEA04C02","Volume of Production Index in Building and Construction","2011","2011","12","Civil engineering","Base 2015=100","83.145573003"
"BEA04C02","Volume of Production Index in Building and Construction","2012","2012","-","All building and construction","Base 2015=100","76.985720241"
"BEA04C02","Volume of Production Index in Building and Construction","2012","2012","11","Building (excluding civil engineering)","Base 2015=100","68.37384753"
"BEA04C02","Volume of Production Index in Building and Construction","2012","2012","111","Residential building","Base 2015=100","59.460629792"
"BEA04C02","Volume of Production Index in Building and Construction","2012","2012","112","Non-residential building","Base 2015=100","75.532396548"
"BEA04C02","Volume of Production Index in Building and Construction","2012","2012","12","Civil engineering","Base 2015=100","96.76161329"
"BEA04C02","Volume of Production Index in Building and Construction","2013","2013","-","All building and construction","Base 2015=100","85.71923038"
"BEA04C02","Volume of Production Index in Building and Construction","2013","2013","11","Building (excluding civil engineering)","Base 2015=100","78.972840277"
"BEA04C02","Volume of Production Index in Building and Construction","2013","2013","111","Residential building","Base 2015=100","65.825111756"
"BEA04C02","Volume of Production Index in Building and Construction","2013","2013","112","Non-residential building","Base 2015=100","89.532288263"
"BEA04C02","Volume of Production Index in Building and Construction","2013","2013","12","Civil engineering","Base 2015=100","101.21131829"
"BEA04C02","Volume of Production Index in Building and Construction","2014","2014","-","All building and construction","Base 2015=100","92.730278239"
"BEA04C02","Volume of Production Index in Building and Construction","2014","2014","11","Building (excluding civil engineering)","Base 2015=100","87.657144113"
"BEA04C02","Volume of Production Index in Building and Construction","2014","2014","111","Residential building","Base 2015=100","77.610323464"
"BEA04C02","Volume of Production Index in Building and Construction","2014","2014","112","Non-residential building","Base 2015=100","95.726133361"
"BEA04C02","Volume of Production Index in Building and Construction","2014","2014","12","Civil engineering","Base 2015=100","104.37998107"
"BEA04C02","Volume of Production Index in Building and Construction","2015","2015","-","All building and construction","Base 2015=100","99.984241362"
"BEA04C02","Volume of Production Index in Building and Construction","2015","2015","11","Building (excluding civil engineering)","Base 2015=100","99.984485143"
"BEA04C02","Volume of Production Index in Building and Construction","2015","2015","111","Residential building","Base 2015=100","99.981231225"
"BEA04C02","Volume of Production Index in Building and Construction","2015","2015","112","Non-residential building","Base 2015=100","99.984989271"
"BEA04C02","Volume of Production Index in Building and Construction","2015","2015","12","Civil engineering","Base 2015=100","99.983130806"
"BEA04C02","Volume of Production Index in Building and Construction","2016","2016","-","All building and construction","Base 2015=100","109.88260576"
"BEA04C02","Volume of Production Index in Building and Construction","2016","2016","11","Building (excluding civil engineering)","Base 2015=100","111.36608469"
"BEA04C02","Volume of Production Index in Building and Construction","2016","2016","111","Residential building","Base 2015=100","123.84549988"
"BEA04C02","Volume of Production Index in Building and Construction","2016","2016","112","Non-residential building","Base 2015=100","109.43265417"
"BEA04C02","Volume of Production Index in Building and Construction","2016","2016","12","Civil engineering","Base 2015=100","103.1245351"
"BEA04C02","Volume of Production Index in Building and Construction","2017","2017","-","All building and construction","Base 2015=100","124.16274471"
"BEA04C02","Volume of Production Index in Building and Construction","2017","2017","11","Building (excluding civil engineering)","Base 2015=100","127.96701944"
"BEA04C02","Volume of Production Index in Building and Construction","2017","2017","111","Residential building","Base 2015=100","144.08721329"
"BEA04C02","Volume of Production Index in Building and Construction","2017","2017","112","Non-residential building","Base 2015=100","125.46952462"
"BEA04C02","Volume of Production Index in Building and Construction","2017","2017","12","Civil engineering","Base 2015=100","106.8321598"
"BEA04C02","Volume of Production Index in Building and Construction","2018","2018","-","All building and construction","Base 2015=100","136.95882639"
"BEA04C02","Volume of Production Index in Building and Construction","2018","2018","11","Building (excluding civil engineering)","Base 2015=100","140.93418265"
"BEA04C02","Volume of Production Index in Building and Construction","2018","2018","111","Residential building","Base 2015=100","142.23268902"
"BEA04C02","Volume of Production Index in Building and Construction","2018","2018","112","Non-residential building","Base 2015=100","140.7330056"
"BEA04C02","Volume of Production Index in Building and Construction","2018","2018","12","Civil engineering","Base 2015=100","118.8488701"
"BEA04C02","Volume of Production Index in Building and Construction","2019","2019","-","All building and construction","Base 2015=100","144.75515318"
"BEA04C02","Volume of Production Index in Building and Construction","2019","2019","11","Building (excluding civil engineering)","Base 2015=100","151.73930025"
"BEA04C02","Volume of Production Index in Building and Construction","2019","2019","111","Residential building","Base 2015=100","160.93448207"
"BEA04C02","Volume of Production Index in Building and Construction","2019","2019","112","Non-residential building","Base 2015=100","150.31469461"
"BEA04C02","Volume of Production Index in Building and Construction","2019","2019","12","Civil engineering","Base 2015=100","112.93848323"
"BEA04C02","Volume of Production Index in Building and Construction","2020","2020","-","All building and construction","Base 2015=100","131.48305108"
"BEA04C02","Volume of Production Index in Building and Construction","2020","2020","11","Building (excluding civil engineering)","Base 2015=100","139.26332678"
"BEA04C02","Volume of Production Index in Building and Construction","2020","2020","111","Residential building","Base 2015=100","124.66838625"
"BEA04C02","Volume of Production Index in Building and Construction","2020","2020","112","Non-residential building","Base 2015=100","141.52451475"
"BEA04C02","Volume of Production Index in Building and Construction","2020","2020","12","Civil engineering","Base 2015=100","96.039572923"
"BEA04C02","Volume of Production Index in Building and Construction","2021","2021","-","All building and construction","Base 2015=100","127.48541282"
"BEA04C02","Volume of Production Index in Building and Construction","2021","2021","11","Building (excluding civil engineering)","Base 2015=100","131.56986841"
"BEA04C02","Volume of Production Index in Building and Construction","2021","2021","111","Residential building","Base 2015=100","111.36776648"
"BEA04C02","Volume of Production Index in Building and Construction","2021","2021","112","Non-residential building","Base 2015=100","134.69977153"
"BEA04C02","Volume of Production Index in Building and Construction","2021","2021","12","Civil engineering","Base 2015=100","108.87844847"
"BEA04C02","Volume of Production Index in Building and Construction","2022","2022","-","All building and construction","Base 2015=100","130.05029255"
"BEA04C02","Volume of Production Index in Building and Construction","2022","2022","11","Building (excluding civil engineering)","Base 2015=100","135.33841117"
"BEA04C02","Volume of Production Index in Building and Construction","2022","2022","111","Residential building","Base 2015=100","115.15883425"
"BEA04C02","Volume of Production Index in Building and Construction","2022","2022","112","Non-residential building","Base 2015=100","138.4648245"
"BEA04C02","Volume of Production Index in Building and Construction","2022","2022","12","Civil engineering","Base 2015=100","105.95997438"
"BEA04S1","Value of Production Index in Building and Construction (Seasonally Adjusted)","2000","2000","-","All building and construction","Base 2015=100","155.72678418"
"BEA04S1","Value of Production Index in Building and Construction (Seasonally Adjusted)","2000","2000","11","Building (excluding civil engineering)","Base 2015=100","199.70307605"
"BEA04S1","Value of Production Index in Building and Construction (Seasonally Adjusted)","2000","2000","111","Residential building","Base 2015=100","311.34748102"
"BEA04S1","Value of Production Index in Building and Construction (Seasonally Adjusted)","2000","2000","112","Non-residential building","Base 2015=100","121.40851769"
"BEA04S1","Value of Production Index in Building and Construction (Seasonally Adjusted)","2000","2000","12","Civil engineering","Base 2015=100","63.66405467"
"BEA04S1","Value of Production Index in Building and Construction (Seasonally Adjusted)","2001","2001","-","All building and construction","Base 2015=100","176.56008951"
"BEA04S1","Value of Production Index in Building and Construction (Seasonally Adjusted)","2001","2001","11","Building (excluding civil engineering)","Base 2015=100","222.74541798"
"BEA04S1","Value of Production Index in Building and Construction (Seasonally Adjusted)","2001","2001","111","Residential building","Base 2015=100","359.72407894"
"BEA04S1","Value of Production Index in Building and Construction (Seasonally Adjusted)","2001","2001","112","Non-residential building","Base 2015=100","126.22370415"
"BEA04S1","Value of Production Index in Building and Construction (Seasonally Adjusted)","2001","2001","12","Civil engineering","Base 2015=100","77.686536945"
"BEA04S1","Value of Production Index in Building and Construction (Seasonally Adjusted)","2002","2002","-","All building and construction","Base 2015=100","188.609384"
"BEA04S1","Value of Production Index in Building and Construction (Seasonally Adjusted)","2002","2002","11","Building (excluding civil engineering)","Base 2015=100","230.03597046"
"BEA04S1","Value of Production Index in Building and Construction (Seasonally Adjusted)","2002","2002","111","Residential building","Base 2015=100","391.33142814"
"BEA04S1","Value of Production Index in Building and Construction (Seasonally Adjusted)","2002","2002","112","Non-residential building","Base 2015=100","115.55654249"
"BEA04S1","Value of Production Index in Building and Construction (Seasonally Adjusted)","2002","2002","12","Civil engineering","Base 2015=100","94.857633196"
"BEA04S1","Value of Production Index in Building and Construction (Seasonally Adjusted)","2003","2003","-","All building and construction","Base 2015=100","210.95871193"
"BEA04S1","Value of Production Index in Building and Construction (Seasonally Adjusted)","2003","2003","11","Building (excluding civil engineering)","Base 2015=100","262.30713769"
"BEA04S1","Value of Production Index in Building and Construction (Seasonally Adjusted)","2003","2003","111","Residential building","Base 2015=100","480.66570078"
"BEA04S1","Value of Production Index in Building and Construction (Seasonally Adjusted)","2003","2003","112","Non-residential building","Base 2015=100","106.61579273"
"BEA04S1","Value of Production Index in Building and Construction (Seasonally Adjusted)","2003","2003","12","Civil engineering","Base 2015=100","98.573421203"
"BEA04S1","Value of Production Index in Building and Construction (Seasonally Adjusted)","2004","2004","-","All building and construction","Base 2015=100","252.84679806"
"BEA04S1","Value of Production Index in Building and Construction (Seasonally Adjusted)","2004","2004","11","Building (excluding civil engineering)","Base 2015=100","319.40769876"
"BEA04S1","Value of Production Index in Building and Construction (Seasonally Adjusted)","2004","2004","111","Residential building","Base 2015=100","605.50495184"
"BEA04S1","Value of Production Index in Building and Construction (Seasonally Adjusted)","2004","2004","112","Non-residential building","Base 2015=100","115.35948117"
"BEA04S1","Value of Production Index in Building and Construction (Seasonally Adjusted)","2004","2004","12","Civil engineering","Base 2015=100","106.97603851"
"BEA04S1","Value of Production Index in Building and Construction (Seasonally Adjusted)","2005","2005","-","All building and construction","Base 2015=100","290.32720777"
"BEA04S1","Value of Production Index in Building and Construction (Seasonally Adjusted)","2005","2005","11","Building (excluding civil engineering)","Base 2015=100","365.32716385"
"BEA04S1","Value of Production Index in Building and Construction (Seasonally Adjusted)","2005","2005","111","Residential building","Base 2015=100","696.54859423"
"BEA04S1","Value of Production Index in Building and Construction (Seasonally Adjusted)","2005","2005","112","Non-residential building","Base 2015=100","129.40470738"
"BEA04S1","Value of Production Index in Building and Construction (Seasonally Adjusted)","2005","2005","12","Civil engineering","Base 2015=100","125.24406178"
"BEA04S1","Value of Production Index in Building and Construction (Seasonally Adjusted)","2006","2006","-","All building and construction","Base 2015=100","318.96658362"
"BEA04S1","Value of Production Index in Building and Construction (Seasonally Adjusted)","2006","2006","11","Building (excluding civil engineering)","Base 2015=100","395.91144065"
"BEA04S1","Value of Production Index in Building and Construction (Seasonally Adjusted)","2006","2006","111","Residential building","Base 2015=100","748.07674235"
"BEA04S1","Value of Production Index in Building and Construction (Seasonally Adjusted)","2006","2006","112","Non-residential building","Base 2015=100","144.81352066"
"BEA04S1","Value of Production Index in Building and Construction (Seasonally Adjusted)","2006","2006","12","Civil engineering","Base 2015=100","149.28970043"
"BEA04S1","Value of Production Index in Building and Construction (Seasonally Adjusted)","2007","2007","-","All building and construction","Base 2015=100","289.53445472"
"BEA04S1","Value of Production Index in Building and Construction (Seasonally Adjusted)","2007","2007","11","Building (excluding civil engineering)","Base 2015=100","346.90052336"
"BEA04S1","Value of Production Index in Building and Construction (Seasonally Adjusted)","2007","2007","111","Residential building","Base 2015=100","619.179242"
"BEA04S1","Value of Production Index in Building and Construction (Seasonally Adjusted)","2007","2007","112","Non-residential building","Base 2015=100","153.5761568"
"BEA04S1","Value of Production Index in Building and Construction (Seasonally Adjusted)","2007","2007","12","Civil engineering","Base 2015=100","163.70496401"
"BEA04S1","Value of Production Index in Building and Construction (Seasonally Adjusted)","2008","2008","-","All building and construction","Base 2015=100","212.82359664"
"BEA04S1","Value of Production Index in Building and Construction (Seasonally Adjusted)","2008","2008","11","Building (excluding civil engineering)","Base 2015=100","237.83530086"
"BEA04S1","Value of Production Index in Building and Construction (Seasonally Adjusted)","2008","2008","111","Residential building","Base 2015=100","354.79094215"
"BEA04S1","Value of Production Index in Building and Construction (Seasonally Adjusted)","2008","2008","112","Non-residential building","Base 2015=100","154.71724732"
"BEA04S1","Value of Production Index in Building and Construction (Seasonally Adjusted)","2008","2008","12","Civil engineering","Base 2015=100","158.98527687"
"BEA04S1","Value of Production Index in Building and Construction (Seasonally Adjusted)","2009","2009","-","All building and construction","Base 2015=100","132.62064143"
"BEA04S1","Value of Production Index in Building and Construction (Seasonally Adjusted)","2009","2009","11","Building (excluding civil engineering)","Base 2015=100","131.18633899"
"BEA04S1","Value of Production Index in Building and Construction (Seasonally Adjusted)","2009","2009","111","Residential building","Base 2015=100","146.88864932"
"BEA04S1","Value of Production Index in Building and Construction (Seasonally Adjusted)","2009","2009","112","Non-residential building","Base 2015=100","118.84566724"
"BEA04S1","Value of Production Index in Building and Construction (Seasonally Adjusted)","2009","2009","12","Civil engineering","Base 2015=100","136.690921"
"BEA04S1","Value of Production Index in Building and Construction (Seasonally Adjusted)","2010","2010","-","All building and construction","Base 2015=100","93.905193137"
"BEA04S1","Value of Production Index in Building and Construction (Seasonally Adjusted)","2010","2010","11","Building (excluding civil engineering)","Base 2015=100","88.232257684"
"BEA04S1","Value of Production Index in Building and Construction (Seasonally Adjusted)","2010","2010","111","Residential building","Base 2015=100","92.313619847"
"BEA04S1","Value of Production Index in Building and Construction (Seasonally Adjusted)","2010","2010","112","Non-residential building","Base 2015=100","84.867082781"
"BEA04S1","Value of Production Index in Building and Construction (Seasonally Adjusted)","2010","2010","12","Civil engineering","Base 2015=100","107.39588754"
"BEA04S1","Value of Production Index in Building and Construction (Seasonally Adjusted)","2011","2011","-","All building and construction","Base 2015=100","76.014669816"
"BEA04S1","Value of Production Index in Building and Construction (Seasonally Adjusted)","2011","2011","11","Building (excluding civil engineering)","Base 2015=100","74.471114173"
"BEA04S1","Value of Production Index in Building and Construction (Seasonally Adjusted)","2011","2011","111","Residential building","Base 2015=100","65.703531447"
"BEA04S1","Value of Production Index in Building and Construction (Seasonally Adjusted)","2011","2011","112","Non-residential building","Base 2015=100","81.407973483"
"BEA04S1","Value of Production Index in Building and Construction (Seasonally Adjusted)","2011","2011","12","Civil engineering","Base 2015=100","79.709014786"
"BEA04S1","Value of Production Index in Building and Construction (Seasonally Adjusted)","2012","2012","-","All building and construction","Base 2015=100","74.878893883"
"BEA04S1","Value of Production Index in Building and Construction (Seasonally Adjusted)","2012","2012","11","Building (excluding civil engineering)","Base 2015=100","66.74947788"
"BEA04S1","Value of Production Index in Building and Construction (Seasonally Adjusted)","2012","2012","111","Residential building","Base 2015=100","58.124379215"
"BEA04S1","Value of Production Index in Building and Construction (Seasonally Adjusted)","2012","2012","112","Non-residential building","Base 2015=100","73.454639063"
"BEA04S1","Value of Production Index in Building and Construction (Seasonally Adjusted)","2012","2012","12","Civil engineering","Base 2015=100","93.704264307"
"BEA04S1","Value of Production Index in Building and Construction (Seasonally Adjusted)","2013","2013","-","All building and construction","Base 2015=100","83.830338611"
"BEA04S1","Value of Production Index in Building and Construction (Seasonally Adjusted)","2013","2013","11","Building (excluding civil engineering)","Base 2015=100","77.090994821"
"BEA04S1","Value of Production Index in Building and Construction (Seasonally Adjusted)","2013","2013","111","Residential building","Base 2015=100","64.753272879"
"BEA04S1","Value of Production Index in Building and Construction (Seasonally Adjusted)","2013","2013","112","Non-residential building","Base 2015=100","87.815110292"
"BEA04S1","Value of Production Index in Building and Construction (Seasonally Adjusted)","2013","2013","12","Civil engineering","Base 2015=100","99.242414626"
"BEA04S1","Value of Production Index in Building and Construction (Seasonally Adjusted)","2014","2014","-","All building and construction","Base 2015=100","91.884960928"
"BEA04S1","Value of Production Index in Building and Construction (Seasonally Adjusted)","2014","2014","11","Building (excluding civil engineering)","Base 2015=100","86.778739969"
"BEA04S1","Value of Production Index in Building and Construction (Seasonally Adjusted)","2014","2014","111","Residential building","Base 2015=100","76.539204482"
"BEA04S1","Value of Production Index in Building and Construction (Seasonally Adjusted)","2014","2014","112","Non-residential building","Base 2015=100","94.902021262"
"BEA04S1","Value of Production Index in Building and Construction (Seasonally Adjusted)","2014","2014","12","Civil engineering","Base 2015=100","103.47716884"
"BEA04S1","Value of Production Index in Building and Construction (Seasonally Adjusted)","2015","2015","-","All building and construction","Base 2015=100","100.21667341"
"BEA04S1","Value of Production Index in Building and Construction (Seasonally Adjusted)","2015","2015","11","Building (excluding civil engineering)","Base 2015=100","100.09153036"
"BEA04S1","Value of Production Index in Building and Construction (Seasonally Adjusted)","2015","2015","111","Residential building","Base 2015=100","100.16357473"
"BEA04S1","Value of Production Index in Building and Construction (Seasonally Adjusted)","2015","2015","112","Non-residential building","Base 2015=100","99.890205605"
"BEA04S1","Value of Production Index in Building and Construction (Seasonally Adjusted)","2015","2015","12","Civil engineering","Base 2015=100","100.49876185"
"BEA04S1","Value of Production Index in Building and Construction (Seasonally Adjusted)","2016","2016","-","All building and construction","Base 2015=100","109.97424658"
"BEA04S1","Value of Production Index in Building and Construction (Seasonally Adjusted)","2016","2016","11","Building (excluding civil engineering)","Base 2015=100","111.43755633"
"BEA04S1","Value of Production Index in Building and Construction (Seasonally Adjusted)","2016","2016","111","Residential building","Base 2015=100","124.04433217"
"BEA04S1","Value of Production Index in Building and Construction (Seasonally Adjusted)","2016","2016","112","Non-residential building","Base 2015=100","109.71197984"
"BEA04S1","Value of Production Index in Building and Construction (Seasonally Adjusted)","2016","2016","12","Civil engineering","Base 2015=100","103.28759753"
"BEA04S1","Value of Production Index in Building and Construction (Seasonally Adjusted)","2017","2017","-","All building and construction","Base 2015=100","126.31338066"
"BEA04S1","Value of Production Index in Building and Construction (Seasonally Adjusted)","2017","2017","11","Building (excluding civil engineering)","Base 2015=100","130.09895079"
"BEA04S1","Value of Production Index in Building and Construction (Seasonally Adjusted)","2017","2017","111","Residential building","Base 2015=100","146.04231055"
"BEA04S1","Value of Production Index in Building and Construction (Seasonally Adjusted)","2017","2017","112","Non-residential building","Base 2015=100","127.4598866"
"BEA04S1","Value of Production Index in Building and Construction (Seasonally Adjusted)","2017","2017","12","Civil engineering","Base 2015=100","108.41590549"
"BEA04S1","Value of Production Index in Building and Construction (Seasonally Adjusted)","2018","2018","-","All building and construction","Base 2015=100","144.76994395"
"BEA04S1","Value of Production Index in Building and Construction (Seasonally Adjusted)","2018","2018","11","Building (excluding civil engineering)","Base 2015=100","148.91822477"
"BEA04S1","Value of Production Index in Building and Construction (Seasonally Adjusted)","2018","2018","111","Residential building","Base 2015=100","150.47614121"
"BEA04S1","Value of Production Index in Building and Construction (Seasonally Adjusted)","2018","2018","112","Non-residential building","Base 2015=100","148.99025394"
"BEA04S1","Value of Production Index in Building and Construction (Seasonally Adjusted)","2018","2018","12","Civil engineering","Base 2015=100","125.19961165"
"BEA04S1","Value of Production Index in Building and Construction (Seasonally Adjusted)","2019","2019","-","All building and construction","Base 2015=100","156.26248274"
"BEA04S1","Value of Production Index in Building and Construction (Seasonally Adjusted)","2019","2019","11","Building (excluding civil engineering)","Base 2015=100","163.68027561"
"BEA04S1","Value of Production Index in Building and Construction (Seasonally Adjusted)","2019","2019","111","Residential building","Base 2015=100","173.3091838"
"BEA04S1","Value of Production Index in Building and Construction (Seasonally Adjusted)","2019","2019","112","Non-residential building","Base 2015=100","162.42747766"
"BEA04S1","Value of Production Index in Building and Construction (Seasonally Adjusted)","2019","2019","12","Civil engineering","Base 2015=100","122.33993835"
"BEA04S1","Value of Production Index in Building and Construction (Seasonally Adjusted)","2020","2020","-","All building and construction","Base 2015=100","143.95929974"
"BEA04S1","Value of Production Index in Building and Construction (Seasonally Adjusted)","2020","2020","11","Building (excluding civil engineering)","Base 2015=100","152.87705114"
"BEA04S1","Value of Production Index in Building and Construction (Seasonally Adjusted)","2020","2020","111","Residential building","Base 2015=100","137.73987145"
"BEA04S1","Value of Production Index in Building and Construction (Seasonally Adjusted)","2020","2020","112","Non-residential building","Base 2015=100","154.57669034"
"BEA04S1","Value of Production Index in Building and Construction (Seasonally Adjusted)","2020","2020","12","Civil engineering","Base 2015=100","105.15760656"
"BEA04S1","Value of Production Index in Building and Construction (Seasonally Adjusted)","2021","2021","-","All building and construction","Base 2015=100","146.11917886"
"BEA04S1","Value of Production Index in Building and Construction (Seasonally Adjusted)","2021","2021","11","Building (excluding civil engineering)","Base 2015=100","150.84774153"
"BEA04S1","Value of Production Index in Building and Construction (Seasonally Adjusted)","2021","2021","111","Residential building","Base 2015=100","127.36323224"
"BEA04S1","Value of Production Index in Building and Construction (Seasonally Adjusted)","2021","2021","112","Non-residential building","Base 2015=100","155.79239413"
"BEA04S1","Value of Production Index in Building and Construction (Seasonally Adjusted)","2021","2021","12","Civil engineering","Base 2015=100","124.23445605"
"BEA04S1","Value of Production Index in Building and Construction (Seasonally Adjusted)","2022","2022","-","All building and construction","Base 2015=100","166.18516032"
"BEA04S1","Value of Production Index in Building and Construction (Seasonally Adjusted)","2022","2022","11","Building (excluding civil engineering)","Base 2015=100","173.05563751"
"BEA04S1","Value of Production Index in Building and Construction (Seasonally Adjusted)","2022","2022","111","Residential building","Base 2015=100","147.36336652"
"BEA04S1","Value of Production Index in Building and Construction (Seasonally Adjusted)","2022","2022","112","Non-residential building","Base 2015=100","176.83400638"
"BEA04S1","Value of Production Index in Building and Construction (Seasonally Adjusted)","2022","2022","12","Civil engineering","Base 2015=100","134.78475551"
"BEA04S2","Volume of Production Index in Building and Construction (Seasonally Adjusted)","2000","2000","-","All building and construction","Base 2015=100","218.52597615"
"BEA04S2","Volume of Production Index in Building and Construction (Seasonally Adjusted)","2000","2000","11","Building (excluding civil engineering)","Base 2015=100","281.23224879"
"BEA04S2","Volume of Production Index in Building and Construction (Seasonally Adjusted)","2000","2000","111","Residential building","Base 2015=100","472.00944409"
"BEA04S2","Volume of Production Index in Building and Construction (Seasonally Adjusted)","2000","2000","112","Non-residential building","Base 2015=100","148.36234232"
"BEA04S2","Volume of Production Index in Building and Construction (Seasonally Adjusted)","2000","2000","12","Civil engineering","Base 2015=100","87.017848974"
"BEA04S2","Volume of Production Index in Building and Construction (Seasonally Adjusted)","2001","2001","-","All building and construction","Base 2015=100","226.03748275"
"BEA04S2","Volume of Production Index in Building and Construction (Seasonally Adjusted)","2001","2001","11","Building (excluding civil engineering)","Base 2015=100","286.07378356"
"BEA04S2","Volume of Production Index in Building and Construction (Seasonally Adjusted)","2001","2001","111","Residential building","Base 2015=100","491.10401249"
"BEA04S2","Volume of Production Index in Building and Construction (Seasonally Adjusted)","2001","2001","112","Non-residential building","Base 2015=100","142.17765663"
"BEA04S2","Volume of Production Index in Building and Construction (Seasonally Adjusted)","2001","2001","12","Civil engineering","Base 2015=100","97.587817124"
"BEA04S2","Volume of Production Index in Building and Construction (Seasonally Adjusted)","2002","2002","-","All building and construction","Base 2015=100","230.82176139"
"BEA04S2","Volume of Production Index in Building and Construction (Seasonally Adjusted)","2002","2002","11","Building (excluding civil engineering)","Base 2015=100","283.88979121"
"BEA04S2","Volume of Production Index in Building and Construction (Seasonally Adjusted)","2002","2002","111","Residential building","Base 2015=100","499.39561559"
"BEA04S2","Volume of Production Index in Building and Construction (Seasonally Adjusted)","2002","2002","112","Non-residential building","Base 2015=100","131.57263708"
"BEA04S2","Volume of Production Index in Building and Construction (Seasonally Adjusted)","2002","2002","12","Civil engineering","Base 2015=100","112.47359333"
"BEA04S2","Volume of Production Index in Building and Construction (Seasonally Adjusted)","2003","2003","-","All building and construction","Base 2015=100","243.8581567"
"BEA04S2","Volume of Production Index in Building and Construction (Seasonally Adjusted)","2003","2003","11","Building (excluding civil engineering)","Base 2015=100","303.01451534"
"BEA04S2","Volume of Production Index in Building and Construction (Seasonally Adjusted)","2003","2003","111","Residential building","Base 2015=100","555.03265685"
"BEA04S2","Volume of Production Index in Building and Construction (Seasonally Adjusted)","2003","2003","112","Non-residential building","Base 2015=100","123.18186204"
"BEA04S2","Volume of Production Index in Building and Construction (Seasonally Adjusted)","2003","2003","12","Civil engineering","Base 2015=100","113.97211672"
"BEA04S2","Volume of Production Index in Building and Construction (Seasonally Adjusted)","2004","2004","-","All building and construction","Base 2015=100","305.77157847"
"BEA04S2","Volume of Production Index in Building and Construction (Seasonally Adjusted)","2004","2004","11","Building (excluding civil engineering)","Base 2015=100","386.23720734"
"BEA04S2","Volume of Production Index in Building and Construction (Seasonally Adjusted)","2004","2004","111","Residential building","Base 2015=100","732.51879225"
"BEA04S2","Volume of Production Index in Building and Construction (Seasonally Adjusted)","2004","2004","112","Non-residential building","Base 2015=100","139.38254888"
"BEA04S2","Volume of Production Index in Building and Construction (Seasonally Adjusted)","2004","2004","12","Civil engineering","Base 2015=100","129.2861788"
"BEA04S2","Volume of Production Index in Building and Construction (Seasonally Adjusted)","2005","2005","-","All building and construction","Base 2015=100","334.95420373"
"BEA04S2","Volume of Production Index in Building and Construction (Seasonally Adjusted)","2005","2005","11","Building (excluding civil engineering)","Base 2015=100","421.62030515"
"BEA04S2","Volume of Production Index in Building and Construction (Seasonally Adjusted)","2005","2005","111","Residential building","Base 2015=100","803.85418791"
"BEA04S2","Volume of Production Index in Building and Construction (Seasonally Adjusted)","2005","2005","112","Non-residential building","Base 2015=100","149.29284938"
"BEA04S2","Volume of Production Index in Building and Construction (Seasonally Adjusted)","2005","2005","12","Civil engineering","Base 2015=100","144.50985837"
"BEA04S2","Volume of Production Index in Building and Construction (Seasonally Adjusted)","2006","2006","-","All building and construction","Base 2015=100","347.85460328"
"BEA04S2","Volume of Production Index in Building and Construction (Seasonally Adjusted)","2006","2006","11","Building (excluding civil engineering)","Base 2015=100","431.9679153"
"BEA04S2","Volume of Production Index in Building and Construction (Seasonally Adjusted)","2006","2006","111","Residential building","Base 2015=100","817.14520319"
"BEA04S2","Volume of Production Index in Building and Construction (Seasonally Adjusted)","2006","2006","112","Non-residential building","Base 2015=100","158.08023397"
"BEA04S2","Volume of Production Index in Building and Construction (Seasonally Adjusted)","2006","2006","12","Civil engineering","Base 2015=100","162.94639033"
"BEA04S2","Volume of Production Index in Building and Construction (Seasonally Adjusted)","2007","2007","-","All building and construction","Base 2015=100","301.4296171"
"BEA04S2","Volume of Production Index in Building and Construction (Seasonally Adjusted)","2007","2007","11","Building (excluding civil engineering)","Base 2015=100","361.29307638"
"BEA04S2","Volume of Production Index in Building and Construction (Seasonally Adjusted)","2007","2007","111","Residential building","Base 2015=100","645.60784226"
"BEA04S2","Volume of Production Index in Building and Construction (Seasonally Adjusted)","2007","2007","112","Non-residential building","Base 2015=100","159.75336851"
"BEA04S2","Volume of Production Index in Building and Construction (Seasonally Adjusted)","2007","2007","12","Civil engineering","Base 2015=100","170.34906244"
"BEA04S2","Volume of Production Index in Building and Construction (Seasonally Adjusted)","2008","2008","-","All building and construction","Base 2015=100","214.27436152"
"BEA04S2","Volume of Production Index in Building and Construction (Seasonally Adjusted)","2008","2008","11","Building (excluding civil engineering)","Base 2015=100","239.48636651"
"BEA04S2","Volume of Production Index in Building and Construction (Seasonally Adjusted)","2008","2008","111","Residential building","Base 2015=100","357.8709653"
"BEA04S2","Volume of Production Index in Building and Construction (Seasonally Adjusted)","2008","2008","112","Non-residential building","Base 2015=100","155.6429057"
"BEA04S2","Volume of Production Index in Building and Construction (Seasonally Adjusted)","2008","2008","12","Civil engineering","Base 2015=100","160.0689546"
"BEA04S2","Volume of Production Index in Building and Construction (Seasonally Adjusted)","2009","2009","-","All building and construction","Base 2015=100","135.37351051"
"BEA04S2","Volume of Production Index in Building and Construction (Seasonally Adjusted)","2009","2009","11","Building (excluding civil engineering)","Base 2015=100","133.94429083"
"BEA04S2","Volume of Production Index in Building and Construction (Seasonally Adjusted)","2009","2009","111","Residential building","Base 2015=100","150.12879626"
"BEA04S2","Volume of Production Index in Building and Construction (Seasonally Adjusted)","2009","2009","112","Non-residential building","Base 2015=100","121.34425927"
"BEA04S2","Volume of Production Index in Building and Construction (Seasonally Adjusted)","2009","2009","12","Civil engineering","Base 2015=100","139.58507416"
"BEA04S2","Volume of Production Index in Building and Construction (Seasonally Adjusted)","2010","2010","-","All building and construction","Base 2015=100","94.833060973"
"BEA04S2","Volume of Production Index in Building and Construction (Seasonally Adjusted)","2010","2010","11","Building (excluding civil engineering)","Base 2015=100","89.100193556"
"BEA04S2","Volume of Production Index in Building and Construction (Seasonally Adjusted)","2010","2010","111","Residential building","Base 2015=100","93.284840361"
"BEA04S2","Volume of Production Index in Building and Construction (Seasonally Adjusted)","2010","2010","112","Non-residential building","Base 2015=100","85.667580908"
"BEA04S2","Volume of Production Index in Building and Construction (Seasonally Adjusted)","2010","2010","12","Civil engineering","Base 2015=100","108.44739203"
"BEA04S2","Volume of Production Index in Building and Construction (Seasonally Adjusted)","2011","2011","-","All building and construction","Base 2015=100","78.660484364"
"BEA04S2","Volume of Production Index in Building and Construction (Seasonally Adjusted)","2011","2011","11","Building (excluding civil engineering)","Base 2015=100","77.059867472"
"BEA04S2","Volume of Production Index in Building and Construction (Seasonally Adjusted)","2011","2011","111","Residential building","Base 2015=100","68.019522643"
"BEA04S2","Volume of Production Index in Building and Construction (Seasonally Adjusted)","2011","2011","112","Non-residential building","Base 2015=100","84.271612286"
"BEA04S2","Volume of Production Index in Building and Construction (Seasonally Adjusted)","2011","2011","12","Civil engineering","Base 2015=100","82.483054279"
"BEA04S2","Volume of Production Index in Building and Construction (Seasonally Adjusted)","2012","2012","-","All building and construction","Base 2015=100","76.872346217"
"BEA04S2","Volume of Production Index in Building and Construction (Seasonally Adjusted)","2012","2012","11","Building (excluding civil engineering)","Base 2015=100","68.522046024"
"BEA04S2","Volume of Production Index in Building and Construction (Seasonally Adjusted)","2012","2012","111","Residential building","Base 2015=100","59.687512204"
"BEA04S2","Volume of Production Index in Building and Construction (Seasonally Adjusted)","2012","2012","112","Non-residential building","Base 2015=100","75.398502576"
"BEA04S2","Volume of Production Index in Building and Construction (Seasonally Adjusted)","2012","2012","12","Civil engineering","Base 2015=100","96.179746127"
"BEA04S2","Volume of Production Index in Building and Construction (Seasonally Adjusted)","2013","2013","-","All building and construction","Base 2015=100","85.448355924"
"BEA04S2","Volume of Production Index in Building and Construction (Seasonally Adjusted)","2013","2013","11","Building (excluding civil engineering)","Base 2015=100","78.563023136"
"BEA04S2","Volume of Production Index in Building and Construction (Seasonally Adjusted)","2013","2013","111","Residential building","Base 2015=100","66.000231003"
"BEA04S2","Volume of Production Index in Building and Construction (Seasonally Adjusted)","2013","2013","112","Non-residential building","Base 2015=100","89.477105539"
"BEA04S2","Volume of Production Index in Building and Construction (Seasonally Adjusted)","2013","2013","12","Civil engineering","Base 2015=100","100.90217632"
"BEA04S2","Volume of Production Index in Building and Construction (Seasonally Adjusted)","2014","2014","-","All building and construction","Base 2015=100","92.744720859"
"BEA04S2","Volume of Production Index in Building and Construction (Seasonally Adjusted)","2014","2014","11","Building (excluding civil engineering)","Base 2015=100","87.503827633"
"BEA04S2","Volume of Production Index in Building and Construction (Seasonally Adjusted)","2014","2014","111","Residential building","Base 2015=100","77.167246832"
"BEA04S2","Volume of Production Index in Building and Construction (Seasonally Adjusted)","2014","2014","112","Non-residential building","Base 2015=100","95.739436189"
"BEA04S2","Volume of Production Index in Building and Construction (Seasonally Adjusted)","2014","2014","12","Civil engineering","Base 2015=100","104.19244935"
"BEA04S2","Volume of Production Index in Building and Construction (Seasonally Adjusted)","2015","2015","-","All building and construction","Base 2015=100","100.23026712"
"BEA04S2","Volume of Production Index in Building and Construction (Seasonally Adjusted)","2015","2015","11","Building (excluding civil engineering)","Base 2015=100","100.0866828"
"BEA04S2","Volume of Production Index in Building and Construction (Seasonally Adjusted)","2015","2015","111","Residential building","Base 2015=100","100.14941836"
"BEA04S2","Volume of Production Index in Building and Construction (Seasonally Adjusted)","2015","2015","112","Non-residential building","Base 2015=100","99.955795618"
"BEA04S2","Volume of Production Index in Building and Construction (Seasonally Adjusted)","2015","2015","12","Civil engineering","Base 2015=100","100.31275008"
"BEA04S2","Volume of Production Index in Building and Construction (Seasonally Adjusted)","2016","2016","-","All building and construction","Base 2015=100","109.61581012"
"BEA04S2","Volume of Production Index in Building and Construction (Seasonally Adjusted)","2016","2016","11","Building (excluding civil engineering)","Base 2015=100","111.07097722"
"BEA04S2","Volume of Production Index in Building and Construction (Seasonally Adjusted)","2016","2016","111","Residential building","Base 2015=100","123.64111459"
"BEA04S2","Volume of Production Index in Building and Construction (Seasonally Adjusted)","2016","2016","112","Non-residential building","Base 2015=100","109.39576225"
"BEA04S2","Volume of Production Index in Building and Construction (Seasonally Adjusted)","2016","2016","12","Civil engineering","Base 2015=100","102.90895171"
"BEA04S2","Volume of Production Index in Building and Construction (Seasonally Adjusted)","2017","2017","-","All building and construction","Base 2015=100","124.05317487"
"BEA04S2","Volume of Production Index in Building and Construction (Seasonally Adjusted)","2017","2017","11","Building (excluding civil engineering)","Base 2015=100","127.93105252"
"BEA04S2","Volume of Production Index in Building and Construction (Seasonally Adjusted)","2017","2017","111","Residential building","Base 2015=100","143.55528017"
"BEA04S2","Volume of Production Index in Building and Construction (Seasonally Adjusted)","2017","2017","112","Non-residential building","Base 2015=100","125.35199048"
"BEA04S2","Volume of Production Index in Building and Construction (Seasonally Adjusted)","2017","2017","12","Civil engineering","Base 2015=100","106.59512056"
"BEA04S2","Volume of Production Index in Building and Construction (Seasonally Adjusted)","2018","2018","-","All building and construction","Base 2015=100","136.71016597"
"BEA04S2","Volume of Production Index in Building and Construction (Seasonally Adjusted)","2018","2018","11","Building (excluding civil engineering)","Base 2015=100","140.77088243"
"BEA04S2","Volume of Production Index in Building and Construction (Seasonally Adjusted)","2018","2018","111","Residential building","Base 2015=100","142.28315747"
"BEA04S2","Volume of Production Index in Building and Construction (Seasonally Adjusted)","2018","2018","112","Non-residential building","Base 2015=100","140.6433532"
"BEA04S2","Volume of Production Index in Building and Construction (Seasonally Adjusted)","2018","2018","12","Civil engineering","Base 2015=100","118.34620127"
"BEA04S2","Volume of Production Index in Building and Construction (Seasonally Adjusted)","2019","2019","-","All building and construction","Base 2015=100","144.41278486"
"BEA04S2","Volume of Production Index in Building and Construction (Seasonally Adjusted)","2019","2019","11","Building (excluding civil engineering)","Base 2015=100","151.27848652"
"BEA04S2","Volume of Production Index in Building and Construction (Seasonally Adjusted)","2019","2019","111","Residential building","Base 2015=100","160.19574902"
"BEA04S2","Volume of Production Index in Building and Construction (Seasonally Adjusted)","2019","2019","112","Non-residential building","Base 2015=100","150.18177149"
"BEA04S2","Volume of Production Index in Building and Construction (Seasonally Adjusted)","2019","2019","12","Civil engineering","Base 2015=100","113.12945184"
"BEA04S2","Volume of Production Index in Building and Construction (Seasonally Adjusted)","2020","2020","-","All building and construction","Base 2015=100","131.84684656"
"BEA04S2","Volume of Production Index in Building and Construction (Seasonally Adjusted)","2020","2020","11","Building (excluding civil engineering)","Base 2015=100","139.29929481"
"BEA04S2","Volume of Production Index in Building and Construction (Seasonally Adjusted)","2020","2020","111","Residential building","Base 2015=100","125.84263966"
"BEA04S2","Volume of Production Index in Building and Construction (Seasonally Adjusted)","2020","2020","112","Non-residential building","Base 2015=100","141.40096602"
"BEA04S2","Volume of Production Index in Building and Construction (Seasonally Adjusted)","2020","2020","12","Civil engineering","Base 2015=100","96.075955309"
"BEA04S2","Volume of Production Index in Building and Construction (Seasonally Adjusted)","2021","2021","-","All building and construction","Base 2015=100","126.38401178"
"BEA04S2","Volume of Production Index in Building and Construction (Seasonally Adjusted)","2021","2021","11","Building (excluding civil engineering)","Base 2015=100","130.50660472"
"BEA04S2","Volume of Production Index in Building and Construction (Seasonally Adjusted)","2021","2021","111","Residential building","Base 2015=100","109.85366972"
"BEA04S2","Volume of Production Index in Building and Construction (Seasonally Adjusted)","2021","2021","112","Non-residential building","Base 2015=100","134.57432786"
"BEA04S2","Volume of Production Index in Building and Construction (Seasonally Adjusted)","2021","2021","12","Civil engineering","Base 2015=100","107.49337249"
"BEA04S2","Volume of Production Index in Building and Construction (Seasonally Adjusted)","2022","2022","-","All building and construction","Base 2015=100","130.32096289"
"BEA04S2","Volume of Production Index in Building and Construction (Seasonally Adjusted)","2022","2022","11","Building (excluding civil engineering)","Base 2015=100","135.73318712"
"BEA04S2","Volume of Production Index in Building and Construction (Seasonally Adjusted)","2022","2022","111","Residential building","Base 2015=100","115.72341515"
"BEA04S2","Volume of Production Index in Building and Construction (Seasonally Adjusted)","2022","2022","112","Non-residential building","Base 2015=100","138.4032497"
"BEA04S2","Volume of Production Index in Building and Construction (Seasonally Adjusted)","2022","2022","12","Civil engineering","Base 2015=100","105.57283452"
